timestamp,fill_amount
2024-01-15 08:00:00,12.049671415301123
2024-01-15 08:00:30,11.98622361993293
2024-01-15 08:01:00,12.06486895391017
2024-01-15 08:01:30,12.152453135790953
2024-01-15 08:02:00,11.976784862727866
2024-01-15 08:02:30,11.976836554555332
2024-01-15 08:03:00,12.15822158185104
2024-01-15 08:03:30,12.077093823265642
2024-01-15 08:04:00,11.953452961806905
2024-01-15 08:04:30,12.054706454809047
2024-01-15 08:05:00,11.954158731219254
2024-01-15 08:05:30,11.953977575193525
2024-01-15 08:06:00,12.024796827757203
2024-01-15 08:06:30,11.809322626184871
2024-01-15 08:07:00,11.828208917449398
2024-01-15 08:07:30,11.944521997826653
2024-01-15 08:08:00,11.899517688767359
2024-01-15 08:08:30,12.032275584110378
2024-01-15 08:09:00,11.910098493348778
2024-01-15 08:09:30,11.859720580817422
2024-01-15 08:10:00,12.147565877893156
2024-01-15 08:10:30,11.978473421002398
2024-01-15 08:11:00,12.007853921569893
2024-01-15 08:11:30,11.858676332529805
2024-01-15 08:12:00,11.946762928748683
2024-01-15 08:12:30,12.012343510222237
2024-01-15 08:13:00,11.886201943559072
2024-01-15 08:13:30,12.03892115318592
2024-01-15 08:14:00,11.94133753240952
2024-01-15 08:14:30,11.972282076472125
2024-01-15 08:15:00,11.941330840278562
2024-01-15 08:15:30,12.186779370002446
2024-01-15 08:16:00,12.000251879127807
2024-01-15 08:16:30,11.895880558756062
2024-01-15 08:17:00,12.083956192912021
2024-01-15 08:17:30,11.87966738675465
2024-01-15 08:18:00,12.022688161302277
2024-01-15 08:18:30,11.805884839463873
2024-01-15 08:19:00,11.86908329701206
2024-01-15 08:19:30,12.021638075538865
2024-01-15 08:20:00,11.756915949006702
2024-01-15 08:20:30,12.019188880171049
2024-01-15 08:21:00,11.990537273863279
2024-01-15 08:21:30,11.972041782593223
2024-01-15 08:22:00,11.85435000316546
2024-01-15 08:22:30,11.930267831412781
2024-01-15 08:23:00,11.956238425206324
2024-01-15 08:23:30,12.108064574974243
2024-01-15 08:24:00,12.03676423135925
2024-01-15 08:24:30,11.82614843691618
2024-01-15 08:25:00,12.034910899441982
2024-01-15 08:25:30,11.96404432451092
2024-01-15 08:26:00,11.934910402572006
2024-01-15 08:26:30,12.06382028153674
2024-01-15 08:27:00,12.105802654952297
2024-01-15 08:27:30,12.095880764664374
2024-01-15 08:28:00,11.91888105048054
2024-01-15 08:28:30,11.971931615267732
2024-01-15 08:29:00,12.03602924604326
2024-01-15 08:29:30,12.100507465665189
2024-01-15 08:30:00,11.955085579218474
2024-01-15 08:30:30,11.984487155386672
2024-01-15 08:31:00,11.8924696057025
2024-01-15 08:31:30,11.883532490745086
2024-01-15 08:32:00,12.084455785442623
2024-01-15 08:32:30,12.138877256110336
2024-01-15 08:33:00,11.99610229114527
2024-01-15 08:33:30,12.103706643142555
2024-01-15 08:34:00,12.039567005908166
2024-01-15 08:34:30,11.938941477992941
2024-01-15 08:35:00,12.039643064054346
2024-01-15 08:35:30,12.15735721020015
2024-01-15 08:36:00,12.000020999692609
2024-01-15 08:36:30,12.160118019235055
2024-01-15 08:37:00,11.741729193294729
2024-01-15 08:37:30,12.085944004191276
2024-01-15 08:38:00,12.01250851062762
2024-01-15 08:38:30,11.973953118807268
2024-01-15 08:39:00,12.013079981557453
2024-01-15 08:39:30,11.805197062493864
2024-01-15 08:40:00,11.904516599158102
2024-01-15 08:40:30,12.039765311205228
2024-01-15 08:41:00,12.151893508578256
2024-01-15 08:41:30,11.95232713232679
2024-01-15 08:42:00,11.923354843914884
2024-01-15 08:42:30,11.9540785498958
2024-01-15 08:43:00,12.09584451607451
2024-01-15 08:43:30,12.037229465320323
2024-01-15 08:44:00,11.9514283840277
2024-01-15 08:44:30,12.05578119776579
2024-01-15 08:45:00,11.633305263317375
2024-01-15 08:45:30,12.101419053607843
2024-01-15 08:46:00,11.93439929521687
2024-01-15 08:46:30,11.971888439994878
2024-01-15 08:47:00,11.96549388939149
2024-01-15 08:47:30,11.858403259941543
2024-01-15 08:48:00,12.034416832511262
2024-01-15 08:48:30,12.030960382072845
2024-01-15 08:49:00,12.005416250569152
2024-01-15 08:49:30,11.98149624161744
2024-01-15 08:50:00,11.863467930799963
2024-01-15 08:50:30,11.962990522778519
2024-01-15 08:51:00,11.970833653452429
2024-01-15 08:51:30,11.924927428232992
2024-01-15 08:52:00,11.989076634038605
2024-01-15 08:52:30,12.04566034093671
2024-01-15 08:53:00,12.193923895426357
2024-01-15 08:53:30,12.02281313663854
2024-01-15 08:54:00,12.031160444477681
2024-01-15 08:54:30,11.99801086387884
2024-01-15 08:55:00,11.813628383975601
2024-01-15 08:55:30,12.002904168010634
2024-01-15 08:56:00,12.011628626599709
2024-01-15 08:56:30,12.251979866904184
2024-01-15 08:57:00,11.986469609227594
2024-01-15 08:57:30,12.035910489989117
2024-01-15 08:58:00,12.002334628835282
2024-01-15 08:58:30,11.888988052093902
2024-01-15 08:59:00,12.120188187357407
2024-01-15 08:59:30,12.081149259224635
2024-01-15 09:00:00,12.08510920071031
2024-01-15 09:00:30,11.915117310576584
2024-01-15 09:01:00,12.146385537199716
2024-01-15 09:01:30,11.865971049876928
2024-01-15 09:02:00,12.064891915586234
2024-01-15 09:02:30,12.225301818837254
2024-01-15 09:03:00,11.907252673793238
2024-01-15 09:03:30,11.949726583396078
2024-01-15 09:04:00,12.01637154291517
2024-01-15 09:04:30,11.956108891044837
2024-01-15 09:05:00,11.851440163399893
2024-01-15 09:05:30,12.01341285403716
2024-01-15 09:06:00,11.900376235233995
2024-01-15 09:06:30,12.054015899720175
2024-01-15 09:07:00,11.914764283283326
2024-01-15 09:07:30,12.16175019725851
2024-01-15 09:08:00,11.928481477573184
2024-01-15 09:08:30,11.97465070523629
2024-01-15 09:09:00,12.088258628643874
2024-01-15 09:09:30,11.883870525313561
2024-01-15 09:10:00,12.02975300046742
2024-01-15 09:10:30,12.1377713324853
2024-01-15 09:11:00,11.846358783650984
2024-01-15 09:11:30,12.025620543010389
2024-01-15 09:12:00,12.03319548663205
2024-01-15 09:12:30,12.085439544434987
2024-01-15 09:13:00,11.883612236219498
2024-01-15 09:13:30,11.875311696048929
2024-01-15 09:14:00,12.059601563969098
2024-01-15 09:14:30,12.037155924780777
2024-01-15 09:15:00,12.032556792542096
2024-01-15 09:15:30,12.042202378507255
2024-01-15 09:16:00,11.939605135449758
2024-01-15 09:16:30,12.030883027373758
2024-01-15 09:17:00,12.037014955037575
2024-01-15 09:17:30,11.936322615955122
2024-01-15 09:18:00,12.194385258922283
2024-01-15 09:18:30,12.055241149949037
2024-01-15 09:19:00,11.888777558187643
2024-01-15 09:19:30,12.07361331882134
2024-01-15 09:20:00,11.910539840985276
2024-01-15 09:20:30,12.086766518432304
2024-01-15 09:21:00,12.123967666008848
2024-01-15 09:21:30,11.926089926322987
2024-01-15 09:22:00,12.104545821132639
2024-01-15 09:22:30,12.04953635095191
2024-01-15 09:23:00,12.090514324307756
2024-01-15 09:23:30,12.198037656623752
2024-01-15 09:24:00,11.983869596808121
2024-01-15 09:24:30,11.611044538700872
2024-01-15 09:25:00,11.919557065545957
2024-01-15 09:25:30,11.926977530062015
2024-01-15 09:26:00,12.0008984376672
2024-01-15 09:26:30,12.042773856140323
2024-01-15 09:27:00,12.03637778864171
2024-01-15 09:27:30,12.091477083662362
2024-01-15 09:28:00,12.0101089979966
2024-01-15 09:28:30,12.154212266574591
2024-01-15 09:29:00,11.982443225585113
2024-01-15 09:29:30,12.280975875617921
2024-01-15 09:30:00,12.07157574378551
2024-01-15 09:30:30,12.159434173083929
2024-01-15 09:31:00,11.902019859302998
2024-01-15 09:31:30,12.057406400683478
2024-01-15 09:32:00,11.986862930676624
2024-01-15 09:32:30,12.08065930866847
2024-01-15 09:33:00,12.056633071766663
2024-01-15 09:33:30,12.002076468093673
2024-01-15 09:34:00,11.924730037602568
2024-01-15 09:34:30,11.857974736990872
2024-01-15 09:35:00,11.964858014302807
2024-01-15 09:35:30,12.095199438991907
2024-01-15 09:36:00,12.03101898402263
2024-01-15 09:36:30,11.88508578178846
2024-01-15 09:37:00,12.027027802294828
2024-01-15 09:37:30,12.048291497732643
2024-01-15 09:38:00,11.921424066189696
2024-01-15 09:38:30,12.025232370454413
2024-01-15 09:39:00,12.293747081085968
2024-01-15 09:39:30,11.895662930176899
2024-01-15 09:40:00,12.045788746044838
2024-01-15 09:40:30,12.066138512696883
2024-01-15 09:41:00,12.118415234427639
2024-01-15 09:41:30,12.11554036536365
2024-01-15 09:42:00,11.872443273414502
2024-01-15 09:42:30,11.916477756268748
2024-01-15 09:43:00,12.061813837031176
2024-01-15 09:43:30,12.061738955451581
2024-01-15 09:44:00,12.061915179041014
2024-01-15 09:44:30,12.395733609525934
2024-01-15 09:45:00,12.067599561579827
2024-01-15 09:45:30,12.124117124578621
2024-01-15 09:46:00,12.106010786959931
2024-01-15 09:46:30,12.07579978579124
2024-01-15 09:47:00,11.979183786246677
2024-01-15 09:47:30,12.086657682810086
2024-01-15 09:48:00,11.933528289357055
2024-01-15 09:48:30,11.98717900018686
2024-01-15 09:49:00,11.962374556128
2024-01-15 09:49:30,12.019148374899594
2024-01-15 09:50:00,12.242476867678361
2024-01-15 09:50:30,11.64213086217225
2024-01-15 09:51:00,12.079737130148562
2024-01-15 09:51:30,11.849889574042194
2024-01-15 09:52:00,11.932673620719209
2024-01-15 09:52:30,12.120156320957998
2024-01-15 09:53:00,12.017739313220858
2024-01-15 09:53:30,11.90358688356843
2024-01-15 09:54:00,11.939881040485414
2024-01-15 09:54:30,12.079421236354928
2024-01-15 09:55:00,11.938474848339798
2024-01-15 09:55:30,12.03320742051976
2024-01-15 09:56:00,12.016168795601994
2024-01-15 09:56:30,11.94650162690108
2024-01-15 09:57:00,12.226106120644245
2024-01-15 09:57:30,12.075153663993563
2024-01-15 09:58:00,11.80929755314605
2024-01-15 09:58:30,12.030507293338804
2024-01-15 09:59:00,11.945733265435074
2024-01-15 09:59:30,12.097205295441585
2024-01-15 10:00:00,11.932759938168742
2024-01-15 10:00:30,12.000588417915372
2024-01-15 10:01:00,12.062610840010157
2024-01-15 10:01:30,12.098737681579175
2024-01-15 10:02:00,12.075425521633067
2024-01-15 10:02:30,11.978812138678167
2024-01-15 10:03:00,11.964817781196217
2024-01-15 10:03:30,11.947029439104991
2024-01-15 10:04:00,12.188957836440522
2024-01-15 10:04:30,12.052960633558557
2024-01-15 10:05:00,11.88642411707901
2024-01-15 10:05:30,12.10434875726804
2024-01-15 10:06:00,12.224828232313875
2024-01-15 10:06:30,12.115909188717778
2024-01-15 10:07:00,11.860775716117312
2024-01-15 10:07:30,11.964339355476138
2024-01-15 10:08:00,12.139503927731475
2024-01-15 10:08:30,11.942095916300984
2024-01-15 10:09:00,12.057294855727536
2024-01-15 10:09:30,12.090426368305897
2024-01-15 10:10:00,11.920319965855205
2024-01-15 10:10:30,12.007110527456883
2024-01-15 10:11:00,11.688986379106206
2024-01-15 10:11:30,11.910724399029734
2024-01-15 10:12:00,11.987956398073896
2024-01-15 10:12:30,11.888484945066779
2024-01-15 10:13:00,12.176554443706477
2024-01-15 10:13:30,11.870349225567299
2024-01-15 10:14:00,11.969408964743716
2024-01-15 10:14:30,12.026537521192072
2024-01-15 10:15:00,12.157640842420125
2024-01-15 10:15:30,11.86997734844562
2024-01-15 10:16:00,12.12992998882911
2024-01-15 10:16:30,12.014686969765622
2024-01-15 10:17:00,11.915562848608918
2024-01-15 10:17:30,12.05997411119009
2024-01-15 10:18:00,12.033719783371161
2024-01-15 10:18:30,11.953842176147985
2024-01-15 10:19:00,12.020894122412916
2024-01-15 10:19:30,11.975432604277787
2024-01-15 10:20:00,12.025365748539139
2024-01-15 10:20:30,12.080277131516167
2024-01-15 10:21:00,12.17271579572865
2024-01-15 10:21:30,11.89038261428148
2024-01-15 10:22:00,12.22751755167984
2024-01-15 10:22:30,11.819055484312015
2024-01-15 10:23:00,11.999135804810756
2024-01-15 10:23:30,12.073196085012823
2024-01-15 10:24:00,12.042513601187917
2024-01-15 10:24:30,11.952194512482404
2024-01-15 10:25:00,11.993702289478787
2024-01-15 10:25:30,11.965264471098681
2024-01-15 10:26:00,11.955678138920193
2024-01-15 10:26:30,12.099624874366768
2024-01-15 10:27:00,12.05041626331122
2024-01-15 10:27:30,11.945473805238699
2024-01-15 10:28:00,12.10477480235814
2024-01-15 10:28:30,12.045594816952526
2024-01-15 10:29:00,12.09620112679881
2024-01-15 10:29:30,12.077927849157327
2024-01-15 10:30:00,11.932115513922808
2024-01-15 10:30:30,11.959046961045367
2024-01-15 10:31:00,12.08984447562744
2024-01-15 10:31:30,12.07620219170851
2024-01-15 10:32:00,12.0131250558188
2024-01-15 10:32:30,12.026998003596143
2024-01-15 10:33:00,12.143081804894157
2024-01-15 10:33:30,11.956208226481783
2024-01-15 10:34:00,12.070125153532418
2024-01-15 10:34:30,11.995246200222077
2024-01-15 10:35:00,11.993747395192793
2024-01-15 10:35:30,12.125443250764285
2024-01-15 10:36:00,12.098157250514419
2024-01-15 10:36:30,12.09701662926573
2024-01-15 10:37:00,12.14626359643115
2024-01-15 10:37:30,12.017866149929041
2024-01-15 10:38:00,12.084011112945314
2024-01-15 10:38:30,11.98483919020652
2024-01-15 10:39:00,12.04833255116476
2024-01-15 10:39:30,12.002951660529197
2024-01-15 10:40:00,12.025715612515288
2024-01-15 10:40:30,12.075581768609759
2024-01-15 10:41:00,11.934294047792768
2024-01-15 10:41:30,12.225404893734712
2024-01-15 10:42:00,11.915614478066246
2024-01-15 10:42:30,11.894847404987493
2024-01-15 10:43:00,12.132127403666324
2024-01-15 10:43:30,12.09553263576266
2024-01-15 10:44:00,12.078828398121631
2024-01-15 10:44:30,12.079301017392895
2024-01-15 10:45:00,12.015291839231825
2024-01-15 10:45:30,11.926841129417983
2024-01-15 10:46:00,11.756857169855543
2024-01-15 10:46:30,11.948950495515456
2024-01-15 10:47:00,12.114228690058493
2024-01-15 10:47:30,12.002061028616552
2024-01-15 10:48:00,11.934267097137566
2024-01-15 10:48:30,11.984728282701568
2024-01-15 10:49:00,12.05821006234448
2024-01-15 10:49:30,11.960594511686569
2024-01-15 10:50:00,11.934794977460372
2024-01-15 10:50:30,12.041435788216258
2024-01-15 10:51:00,12.041613774227988
2024-01-15 10:51:30,11.966472849630055
2024-01-15 10:52:00,11.970113386655385
2024-01-15 10:52:30,12.04047226100303
2024-01-15 10:53:00,11.872508883167585
2024-01-15 10:53:30,11.87662098992971
2024-01-15 10:54:00,11.945572995292174
2024-01-15 10:54:30,11.996122752296282
2024-01-15 10:55:00,12.048608274077319
2024-01-15 10:55:30,12.165103189262522
2024-01-15 10:56:00,12.10338357993782
2024-01-15 10:56:30,12.001673814671326
2024-01-15 10:57:00,12.015816096927448
2024-01-15 10:57:30,11.917514831303988
2024-01-15 10:58:00,12.015966504218579
2024-01-15 10:58:30,11.989002003975854
2024-01-15 10:59:00,12.050189773951727
2024-01-15 10:59:30,11.935244873612735
2024-01-15 11:00:00,12.069952669442136
2024-01-15 11:00:30,12.171341959368325
2024-01-15 11:01:00,12.007242103272432
2024-01-15 11:01:30,12.058339340378062
2024-01-15 11:02:00,12.08723261738933
2024-01-15 11:02:30,11.978146221079685
2024-01-15 11:03:00,12.04072756649936
2024-01-15 11:03:30,12.019627608446546
2024-01-15 11:04:00,12.028186028273302
2024-01-15 11:04:30,11.941167490082922
2024-01-15 11:05:00,12.020969535944413
2024-01-15 11:05:30,12.068368397693114
2024-01-15 11:06:00,12.163732979398123
2024-01-15 11:06:30,12.11459575127719
2024-01-15 11:07:00,12.234036964469874
2024-01-15 11:07:30,11.942034012479965
2024-01-15 11:08:00,12.106050882490887
2024-01-15 11:08:30,12.037203069442706
2024-01-15 11:09:00,12.237899212240686
2024-01-15 11:09:30,11.938139140433453
2024-01-15 11:10:00,11.935046834800941
2024-01-15 11:10:30,11.959129804524666
2024-01-15 11:11:00,11.806729546688139
2024-01-15 11:11:30,11.966593667001092
2024-01-15 11:12:00,11.943305953063849
2024-01-15 11:12:30,12.034308647916891
2024-01-15 11:13:00,12.053494916897035
2024-01-15 11:13:30,12.206986453290959
2024-01-15 11:14:00,12.114461803238024
2024-01-15 11:14:30,11.961779103903229
2024-01-15 11:15:00,11.929678052384684
2024-01-15 11:15:30,12.06876148672022
2024-01-15 11:16:00,11.887596298917556
2024-01-15 11:16:30,12.202815546255104
2024-01-15 11:17:00,12.13766373179185
2024-01-15 11:17:30,11.972852204559299
2024-01-15 11:18:00,11.848506366910732
2024-01-15 11:18:30,12.155257107286412
2024-01-15 11:19:00,12.008465935394657
2024-01-15 11:19:30,12.143751601167317
2024-01-15 11:20:00,11.860577254140583
2024-01-15 11:20:30,11.960132567774693
2024-01-15 11:21:00,12.02064449009194
2024-01-15 11:21:30,12.024868229546644
2024-01-15 11:22:00,11.975213673072297
2024-01-15 11:22:30,12.08255526350502
2024-01-15 11:23:00,11.91355827738206
2024-01-15 11:23:30,12.00613242186824
2024-01-15 11:24:00,12.03244998359161
2024-01-15 11:24:30,12.071914353876346
2024-01-15 11:25:00,12.091682008329409
2024-01-15 11:25:30,11.908106361386784
2024-01-15 11:26:00,11.867209203547059
2024-01-15 11:26:30,12.148438352860522
2024-01-15 11:27:00,12.05395212191868
2024-01-15 11:27:30,11.945922117115115
2024-01-15 11:28:00,12.175936018373074
2024-01-15 11:28:30,12.032438334300156
2024-01-15 11:29:00,12.138850639327304
2024-01-15 11:29:30,12.027722819111982
2024-01-15 11:30:00,12.22709581350922
2024-01-15 11:30:30,12.196605155315392
2024-01-15 11:31:00,11.996224706273214
2024-01-15 11:31:30,12.118328266266605
2024-01-15 11:32:00,12.085758816179736
2024-01-15 11:32:30,12.158134427024505
2024-01-15 11:33:00,11.924828975263312
2024-01-15 11:33:30,12.089976517371214
2024-01-15 11:34:00,12.127263870106379
2024-01-15 11:34:30,11.845597522829161
2024-01-15 11:35:00,11.903195670254943
2024-01-15 11:35:30,11.817648353795562
2024-01-15 11:36:00,11.994680938177165
2024-01-15 11:36:30,12.093425897251269
2024-01-15 11:37:00,12.171957426931325
2024-01-15 11:37:30,12.029181249813748
2024-01-15 11:38:00,12.18468337637895
2024-01-15 11:38:30,11.883861726050382
2024-01-15 11:39:00,11.851583677986406
2024-01-15 11:39:30,12.01641720208231
2024-01-15 11:40:00,12.060428566915952
2024-01-15 11:40:30,12.018802597262663
2024-01-15 11:41:00,11.815377912118134
2024-01-15 11:41:30,12.013260168220894
2024-01-15 11:42:00,11.891775272171737
2024-01-15 11:42:30,12.089239527155275
2024-01-15 11:43:00,12.058982146932008
2024-01-15 11:43:30,11.928384393739636
2024-01-15 11:44:00,11.971035730688754
2024-01-15 11:44:30,11.916551120283577
2024-01-15 11:45:00,12.016254612795207
2024-01-15 11:45:30,12.118086804622697
2024-01-15 11:46:00,11.924050017989067
2024-01-15 11:46:30,12.073077324224458
2024-01-15 11:47:00,11.969696960885479
2024-01-15 11:47:30,11.94348548954654
2024-01-15 11:48:00,12.012119786827368
2024-01-15 11:48:30,11.919348640630934
2024-01-15 11:49:00,11.967557992388205
2024-01-15 11:49:30,11.903185183714088
2024-01-15 11:50:00,12.219495536314662
2024-01-15 11:50:30,12.026599428270245
2024-01-15 11:51:00,11.953150572323864
2024-01-15 11:51:30,12.044571164246596
2024-01-15 11:52:00,12.01199041825414
2024-01-15 11:52:30,12.001176313319952
2024-01-15 11:53:00,12.11802682214808
2024-01-15 11:53:30,12.099124144378104
2024-01-15 11:54:00,11.97037330866237
2024-01-15 11:54:30,11.965891649409006
2024-01-15 11:55:00,11.99601835380836
2024-01-15 11:55:30,11.793381457100015
2024-01-15 11:56:00,11.87210451740377
2024-01-15 11:56:30,12.160361100418127
2024-01-15 11:57:00,12.188220495073852
2024-01-15 11:57:30,11.998870169818137
2024-01-15 11:58:00,12.0814795201294
2024-01-15 11:58:30,12.054998889328228
2024-01-15 11:59:00,12.154668584206135
2024-01-15 11:59:30,12.13593146511743
2024-01-15 12:00:00,12.011232264875948
2024-01-15 12:00:30,11.928520030014031
2024-01-15 12:01:00,11.863479492098367
2024-01-15 12:01:30,12.044520537760896
2024-01-15 12:02:00,11.948589149695794
2024-01-15 12:02:30,11.882048903314507
2024-01-15 12:03:00,11.959667035900072
2024-01-15 12:03:30,11.916219574012935
2024-01-15 12:04:00,12.193138587931681
2024-01-15 12:04:30,12.112638450169419
2024-01-15 12:05:00,12.023727260392864
2024-01-15 12:05:30,12.172568988463576
2024-01-15 12:06:00,12.032361455389387
2024-01-15 12:06:30,11.938546254541848
2024-01-15 12:07:00,12.17703713245169
2024-01-15 12:07:30,12.078665779143241
2024-01-15 12:08:00,11.92110020939218
2024-01-15 12:08:30,12.005841007066515
2024-01-15 12:09:00,11.937363099586449
2024-01-15 12:09:30,11.886695001878541
2024-01-15 12:10:00,12.117642779778189
2024-01-15 12:10:30,12.216016739122088
2024-01-15 12:11:00,11.885268367743212
2024-01-15 12:11:30,12.081472098844232
2024-01-15 12:12:00,11.960160968313042
2024-01-15 12:12:30,12.122770677855922
2024-01-15 12:13:00,11.966085932901438
2024-01-15 12:13:30,11.938976298407393
2024-01-15 12:14:00,12.030277588219908
2024-01-15 12:14:30,11.942380463834372
2024-01-15 12:15:00,12.05257120810351
2024-01-15 12:15:30,12.020551764630662
2024-01-15 12:16:00,12.001730820938985
2024-01-15 12:16:30,11.934919309471516
2024-01-15 12:17:00,11.968048592668893
2024-01-15 12:17:30,12.101314898358352
2024-01-15 12:18:00,12.075917544588265
2024-01-15 12:18:30,11.928120351396021
2024-01-15 12:19:00,12.035859156468847
2024-01-15 12:19:30,12.101114688313155
2024-01-15 12:20:00,11.859085497913888
2024-01-15 12:20:30,12.08041209531407
2024-01-15 12:21:00,11.959863750231541
2024-01-15 12:21:30,12.083236043035491
2024-01-15 12:22:00,11.949900310571975
2024-01-15 12:22:30,11.845788066209824
2024-01-15 12:23:00,11.86357208253801
2024-01-15 12:23:30,12.031184871042514
2024-01-15 12:24:00,12.052398676598573
2024-01-15 12:24:30,11.936044813966037
2024-01-15 12:25:00,12.090385772404263
2024-01-15 12:25:30,11.86042457034968
2024-01-15 12:26:00,12.020018646761894
2024-01-15 12:26:30,11.905575056700432
2024-01-15 12:27:00,11.961543115946512
2024-01-15 12:27:30,12.031516643908418
2024-01-15 12:28:00,11.940785490298431
2024-01-15 12:28:30,11.988421322453894
2024-01-15 12:29:00,12.127556207848372
2024-01-15 12:29:30,11.969287790024662
2024-01-15 12:30:00,12.11059623823354
2024-01-15 12:30:30,11.863467355600672
2024-01-15 12:31:00,12.080107544918654
2024-01-15 12:31:30,12.171334039242968
2024-01-15 12:32:00,11.780062777214498
2024-01-15 12:32:30,11.947587751730229
2024-01-15 12:33:00,12.085034540045381
2024-01-15 12:33:30,12.007072838773077
2024-01-15 12:34:00,12.064542014764559
2024-01-15 12:34:30,11.967078958805896
2024-01-15 12:35:00,12.036186506274818
2024-01-15 12:35:30,12.01200985403837
2024-01-15 12:36:00,12.144405833793607
2024-01-15 12:36:30,12.0531197620078
2024-01-15 12:37:00,12.061487993935248
2024-01-15 12:37:30,11.986590081165533
2024-01-15 12:38:00,11.979067205420579
2024-01-15 12:38:30,11.984622059095916
2024-01-15 12:39:00,12.067373142165758
2024-01-15 12:39:30,11.985879529895952
2024-01-15 12:40:00,12.05700551371767
2024-01-15 12:40:30,12.235618157942621
2024-01-15 12:41:00,12.115240598471297
2024-01-15 12:41:30,11.995575824961394
2024-01-15 12:42:00,12.148349620444622
2024-01-15 12:42:30,11.987470740976123
2024-01-15 12:43:00,11.824515874810542
2024-01-15 12:43:30,11.927569747286638
2024-01-15 12:44:00,11.841349236325843
2024-01-15 12:44:30,11.993327130074347
2024-01-15 12:45:00,12.030370366447483
2024-01-15 12:45:30,12.685019310791514
2024-01-15 12:46:00,12.061321366005046
2024-01-15 12:46:30,12.006768625797793
2024-01-15 12:47:00,12.111669286847077
2024-01-15 12:47:30,11.80766524787799
2024-01-15 12:48:00,12.052390284639685
2024-01-15 12:48:30,12.105965398267577
2024-01-15 12:49:00,11.881070304350946
2024-01-15 12:49:30,12.143354383299672
2024-01-15 12:50:00,12.06287866977847
2024-01-15 12:50:30,11.987550287688999
2024-01-15 12:51:00,12.092407315739758
2024-01-15 12:51:30,12.256248464959619
2024-01-15 12:52:00,12.047415854735078
2024-01-15 12:52:30,12.054101337909312
2024-01-15 12:53:00,12.150007043665271
2024-01-15 12:53:30,11.9443949424329
2024-01-15 12:54:00,12.112463011083854
2024-01-15 12:54:30,11.943871096888591
2024-01-15 12:55:00,12.03668615325147
2024-01-15 12:55:30,11.981813834903067
2024-01-15 12:56:00,12.07752761220427
2024-01-15 12:56:30,12.063045890208373
2024-01-15 12:57:00,12.133483724155521
2024-01-15 12:57:30,11.978778139894304
2024-01-15 12:58:00,12.002842336300493
2024-01-15 12:58:30,11.93200350830165
2024-01-15 12:59:00,11.985500603922318
2024-01-15 12:59:30,12.067710029284466
2024-01-15 13:00:00,12.105728891694564
2024-01-15 13:00:30,11.937863547662317
2024-01-15 13:01:00,12.117090722140697
2024-01-15 13:01:30,12.165743966060674
2024-01-15 13:02:00,12.071573720552601
2024-01-15 13:02:30,12.217959861536087
2024-01-15 13:03:00,11.952951410419972
2024-01-15 13:03:30,11.905914910049239
2024-01-15 13:04:00,11.852558405540002
2024-01-15 13:04:30,12.180084911629399
2024-01-15 13:05:00,12.095967096165936
2024-01-15 13:05:30,12.025022113489536
2024-01-15 13:06:00,12.058627493262613
2024-01-15 13:06:30,11.918131775950842
2024-01-15 13:07:00,12.275305928692413
2024-01-15 13:07:30,12.043702898978303
2024-01-15 13:08:00,12.041770310291321
2024-01-15 13:08:30,12.10345754327075
2024-01-15 13:09:00,12.079031854104601
2024-01-15 13:09:30,12.053369383408894
2024-01-15 13:10:00,11.951983585486499
2024-01-15 13:10:30,12.078227916794681
2024-01-15 13:11:00,12.219333580778635
2024-01-15 13:11:30,12.165723185796677
2024-01-15 13:12:00,12.190549893895172
2024-01-15 13:12:30,11.980159713638162
2024-01-15 13:13:00,12.01153917844168
2024-01-15 13:13:30,12.018802689371416
2024-01-15 13:14:00,12.0370039226603
2024-01-15 13:14:30,12.140900633328577
2024-01-15 13:15:00,11.862285068560048
2024-01-15 13:15:30,12.184536613527644
2024-01-15 13:16:00,12.015830841773733
2024-01-15 13:16:30,11.98899357468694
2024-01-15 13:17:00,11.930521294205715
2024-01-15 13:17:30,11.866296114595205
2024-01-15 13:18:00,12.114148890228023
2024-01-15 13:18:30,12.039213678600722
2024-01-15 13:19:00,11.902935841957827
2024-01-15 13:19:30,11.90247410477562
2024-01-15 13:20:00,11.998453562103018
2024-01-15 13:20:30,12.198984234611022
2024-01-15 13:21:00,12.00617299699577
2024-01-15 13:21:30,11.881867886870372
2024-01-15 13:22:00,12.007657925823638
2024-01-15 13:22:30,12.005009925307515
2024-01-15 13:23:00,11.762643668038175
2024-01-15 13:23:30,12.0269528957306
2024-01-15 13:24:00,12.009338979411565
2024-01-15 13:24:30,12.102103118963823
2024-01-15 13:25:00,12.217428142027067
2024-01-15 13:25:30,12.145239085537359
2024-01-15 13:26:00,12.005743763577149
2024-01-15 13:26:30,11.922030091808516
2024-01-15 13:27:00,12.29006871305772
2024-01-15 13:27:30,12.038704626184233
2024-01-15 13:28:00,12.034225762024127
2024-01-15 13:28:30,12.030470374171882
2024-01-15 13:29:00,12.05274140900972
2024-01-15 13:29:30,12.01854694179059
2024-01-15 13:30:00,11.97566683234501
2024-01-15 13:30:30,11.978397188959043
2024-01-15 13:31:00,12.029857806111533
2024-01-15 13:31:30,11.978840706069807
2024-01-15 13:32:00,11.961948654965516
2024-01-15 13:32:30,12.043926306052473
2024-01-15 13:33:00,12.007835611591247
2024-01-15 13:33:30,12.18378268224165
2024-01-15 13:34:00,11.768336452594133
2024-01-15 13:34:30,12.142634168675729
2024-01-15 13:35:00,12.158142052783298
2024-01-15 13:35:30,11.826244560342769
2024-01-15 13:36:00,11.9993648742256
2024-01-15 13:36:30,11.996539597084105
2024-01-15 13:37:00,11.89298256426195
2024-01-15 13:37:30,11.956002115024697
2024-01-15 13:38:00,11.922776249287251
2024-01-15 13:38:30,12.209110928226247
2024-01-15 13:39:00,12.12750177324868
2024-01-15 13:39:30,12.161139493483399
2024-01-15 13:40:00,12.106201240438358
2024-01-15 13:40:30,11.92117890696236
2024-01-15 13:41:00,11.981682107506158
2024-01-15 13:41:30,12.083121640306976
2024-01-15 13:42:00,11.912021453345039
2024-01-15 13:42:30,12.105584127301523
2024-01-15 13:43:00,12.01030179451852
2024-01-15 13:43:30,11.996902303629426
2024-01-15 13:44:00,12.105530431254783
2024-01-15 13:44:30,12.078910815633087
2024-01-15 13:45:00,11.998437917952627
2024-01-15 13:45:30,12.150517564921008
2024-01-15 13:46:00,11.926528301874646
2024-01-15 13:46:30,12.09627824537911
2024-01-15 13:47:00,12.094044860531573
2024-01-15 13:47:30,12.003830140853387
2024-01-15 13:48:00,12.067448137059046
2024-01-15 13:48:30,11.909773527246355
2024-01-15 13:49:00,12.127337636855625
2024-01-15 13:49:30,12.016494771340687
2024-01-15 13:50:00,11.982762732983131
2024-01-15 13:50:30,12.139986007668773
2024-01-15 13:51:00,11.96470076608086
2024-01-15 13:51:30,11.894339055548828
2024-01-15 13:52:00,11.879572317882845
2024-01-15 13:52:30,12.09588628041985
2024-01-15 13:53:00,11.907292400085707
2024-01-15 13:53:30,12.210864803583823
2024-01-15 13:54:00,11.827242494647063
2024-01-15 13:54:30,12.20513112231449
2024-01-15 13:55:00,12.056637282255798
2024-01-15 13:55:30,12.025914274398547
2024-01-15 13:56:00,11.981143726954741
2024-01-15 13:56:30,12.075599297120892
2024-01-15 13:57:00,12.031972265493252
2024-01-15 13:57:30,12.146115973987438
2024-01-15 13:58:00,12.04725860070204
2024-01-15 13:58:30,12.050916062032075
2024-01-15 13:59:00,11.99957471471455
2024-01-15 13:59:30,12.03029142361388
2024-01-15 14:00:00,12.066816212925241
2024-01-15 14:00:30,11.865069246820424
2024-01-15 14:01:00,11.901317593925565
2024-01-15 14:01:30,12.110512595588457
2024-01-15 14:02:00,12.053322780049031
2024-01-15 14:02:30,12.017887952651018
2024-01-15 14:03:00,12.038179729642875
2024-01-15 14:03:30,12.071144556922553
2024-01-15 14:04:00,11.982460468405499
2024-01-15 14:04:30,11.958656013946255
2024-01-15 14:05:00,12.056121062046303
2024-01-15 14:05:30,11.938749308825084
2024-01-15 14:06:00,12.077461912208083
2024-01-15 14:06:30,11.866428326262904
2024-01-15 14:07:00,12.1396523004693
2024-01-15 14:07:30,12.08404653502809
2024-01-15 14:08:00,12.062439810268225
2024-01-15 14:08:30,12.135155985281438
2024-01-15 14:09:00,12.203484381383195
2024-01-15 14:09:30,12.1384239934888
2024-01-15 14:10:00,11.852949613903872
2024-01-15 14:10:30,11.909129390413517
2024-01-15 14:11:00,11.97465527936757
2024-01-15 14:11:30,12.03979629220827
2024-01-15 14:12:00,12.089003139284149
2024-01-15 14:12:30,11.96471290597194
2024-01-15 14:13:00,12.056014013785045
2024-01-15 14:13:30,11.961849094152054
2024-01-15 14:14:00,11.976285657138243
2024-01-15 14:14:30,11.896821377802665
2024-01-15 14:15:00,11.945214212926448
2024-01-15 14:15:30,11.902419127025954
2024-01-15 14:16:00,11.940050312339904
2024-01-15 14:16:30,12.143051867348472
2024-01-15 14:17:00,11.942797848854543
2024-01-15 14:17:30,12.301025994271528
2024-01-15 14:18:00,12.087169627925928
2024-01-15 14:18:30,12.056371500257375
2024-01-15 14:19:00,11.952102159919818
2024-01-15 14:19:30,12.108018975928887
2024-01-15 14:20:00,11.980474255414261
2024-01-15 14:20:30,12.050289069552624
2024-01-15 14:21:00,12.294146591965017
2024-01-15 14:21:30,12.028582198215723
2024-01-15 14:22:00,12.153165570866806
2024-01-15 14:22:30,11.9679706457757
2024-01-15 14:23:00,12.034839489288641
2024-01-15 14:23:30,12.215468451951939
2024-01-15 14:24:00,11.975741732659662
2024-01-15 14:24:30,12.219733344288182
2024-01-15 14:25:00,12.109313732084086
2024-01-15 14:25:30,11.982341910999162
2024-01-15 14:26:00,12.101879412544191
2024-01-15 14:26:30,12.135944133651362
2024-01-15 14:27:00,12.100919734960458
2024-01-15 14:27:30,11.881766316799743
2024-01-15 14:28:00,11.966125121256352
2024-01-15 14:28:30,12.014137025333739
2024-01-15 14:29:00,12.031495596028934
2024-01-15 14:29:30,12.101056198744056
2024-01-15 14:30:00,12.056809139132366
2024-01-15 14:30:30,11.90555465321808
2024-01-15 14:31:00,12.077158924239736
2024-01-15 14:31:30,12.100247763717572
2024-01-15 14:32:00,12.095218284032342
2024-01-15 14:32:30,12.147367361844752
2024-01-15 14:33:00,12.12273155479423
2024-01-15 14:33:30,12.085307397312233
2024-01-15 14:34:00,12.032422868293574
2024-01-15 14:34:30,11.873393396137889
2024-01-15 14:35:00,12.082501361452799
2024-01-15 14:35:30,12.0603583583059
2024-01-15 14:36:00,12.066797523359178
2024-01-15 14:36:30,11.912014832107658
2024-01-15 14:37:00,11.931634085698914
2024-01-15 14:37:30,12.14510507512308
2024-01-15 14:38:00,12.035884324454173
2024-01-15 14:38:30,12.108039959627153
2024-01-15 14:39:00,12.042771777552986
2024-01-15 14:39:30,12.042965603939566
2024-01-15 14:40:00,12.13386842063764
2024-01-15 14:40:30,11.988485617268353
2024-01-15 14:41:00,12.04975221783424
2024-01-15 14:41:30,11.993962661319685
2024-01-15 14:42:00,11.996790617497009
2024-01-15 14:42:30,12.009373077943426
2024-01-15 14:43:00,12.062553717503711
2024-01-15 14:43:30,11.992515528224043
2024-01-15 14:44:00,12.166016052997792
2024-01-15 14:44:30,11.95102976026854
2024-01-15 14:45:00,12.021853376124405
2024-01-15 14:45:30,11.996617484763174
2024-01-15 14:46:00,12.185338429076014
2024-01-15 14:46:30,12.060346168341848
2024-01-15 14:47:00,12.143925194687604
2024-01-15 14:47:30,11.892234753487093
2024-01-15 14:48:00,12.067545867427768
2024-01-15 14:48:30,12.129853970453235
2024-01-15 14:49:00,12.049169339868483
2024-01-15 14:49:30,12.147539028497526
2024-01-15 14:50:00,11.989312196031003
2024-01-15 14:50:30,12.888699912680112
2024-01-15 14:51:00,12.271030953503066
2024-01-15 14:51:30,12.004907335147225
2024-01-15 14:52:00,11.996690989101165
2024-01-15 14:52:30,12.186629739003061
2024-01-15 14:53:00,12.199298555914414
2024-01-15 14:53:30,11.989105388676064
2024-01-15 14:54:00,11.999422759731855
2024-01-15 14:54:30,12.01331303060544
2024-01-15 14:55:00,11.907096490438112
2024-01-15 14:55:30,11.949726396943172
2024-01-15 14:56:00,11.941227564966434
2024-01-15 14:56:30,11.964911935181279
2024-01-15 14:57:00,12.038273253003064
2024-01-15 14:57:30,12.065213265045443
2024-01-15 14:58:00,12.19689189112325
2024-01-15 14:58:30,11.942056487818013
2024-01-15 14:59:00,12.140374181789602
2024-01-15 14:59:30,12.020593107569441
2024-01-15 15:00:00,12.037095671076798
2024-01-15 15:00:30,12.109574041308752
2024-01-15 15:01:00,11.929869939985911
2024-01-15 15:01:30,12.080433166810598
2024-01-15 15:02:00,12.058887463063547
2024-01-15 15:02:30,12.091537418693106
2024-01-15 15:03:00,12.071259206733124
2024-01-15 15:03:30,12.287922406383482
2024-01-15 15:04:00,11.97866844401731
2024-01-15 15:04:30,11.98939279699231
2024-01-15 15:05:00,11.980228489900068
2024-01-15 15:05:30,11.987044880676567
2024-01-15 15:06:00,11.97890392991199
2024-01-15 15:06:30,12.161594345803449
2024-01-15 15:07:00,12.184793167541727
2024-01-15 15:07:30,11.985718163417847
2024-01-15 15:08:00,11.95960728553242
2024-01-15 15:08:30,12.090034448531533
2024-01-15 15:09:00,11.987720638514846
2024-01-15 15:09:30,12.106286174768544
2024-01-15 15:10:00,12.063335345128174
2024-01-15 15:10:30,11.89151868159337
2024-01-15 15:11:00,12.19789366327615
2024-01-15 15:11:30,12.222780960502746
2024-01-15 15:12:00,11.981964374194805
2024-01-15 15:12:30,12.004523137299696
2024-01-15 15:13:00,12.071929882415834
2024-01-15 15:13:30,12.076839072392096
2024-01-15 15:14:00,12.109297870710726
2024-01-15 15:14:30,12.244513947370129
2024-01-15 15:15:00,12.025848820794138
2024-01-15 15:15:30,11.963763869139749
2024-01-15 15:16:00,11.905711720842191
2024-01-15 15:16:30,11.970600689699502
2024-01-15 15:17:00,12.040431046456364
2024-01-15 15:17:30,12.223249580145573
2024-01-15 15:18:00,11.992082713940226
2024-01-15 15:18:30,12.066272689057785
2024-01-15 15:19:00,12.042301654336669
2024-01-15 15:19:30,12.162833321338802
2024-01-15 15:20:00,12.296737286631407
2024-01-15 15:20:30,11.991007216802062
2024-01-15 15:21:00,11.995200199892322
2024-01-15 15:21:30,12.148610281901101
2024-01-15 15:22:00,12.112433393206874
2024-01-15 15:22:30,12.228965026867899
2024-01-15 15:23:00,12.10273716287694
2024-01-15 15:23:30,12.00846518531569
2024-01-15 15:24:00,12.103509927513675
2024-01-15 15:24:30,12.155364852552786
2024-01-15 15:25:00,12.16801890860437
2024-01-15 15:25:30,12.095321997705323
2024-01-15 15:26:00,12.151312113603561
2024-01-15 15:26:30,12.161624253739262
2024-01-15 15:27:00,12.182960643848498
2024-01-15 15:27:30,12.109665783553758
2024-01-15 15:28:00,12.02813303681316
2024-01-15 15:28:30,12.059566263538228
2024-01-15 15:29:00,12.16559584159578
2024-01-15 15:29:30,11.963301427896273
2024-01-15 15:30:00,12.081912375932335
2024-01-15 15:30:30,12.005761213862359
2024-01-15 15:31:00,12.048019627438627
2024-01-15 15:31:30,12.173040381455925
2024-01-15 15:32:00,12.064355152047236
2024-01-15 15:32:30,12.04993895011091
2024-01-15 15:33:00,11.909359731247353
2024-01-15 15:33:30,12.120020751998117
2024-01-15 15:34:00,12.109993863559552
2024-01-15 15:34:30,12.261820967826042
2024-01-15 15:35:00,12.014767722050244
2024-01-15 15:35:30,12.06751062836199
2024-01-15 15:36:00,12.07058401401672
2024-01-15 15:36:30,12.203441023672042
2024-01-15 15:37:00,12.036216192507052
2024-01-15 15:37:30,12.07369794837283
2024-01-15 15:38:00,12.1066354968175
2024-01-15 15:38:30,12.064556808211531
2024-01-15 15:39:00,12.001302584490892
2024-01-15 15:39:30,12.065404995285828
2024-01-15 15:40:00,12.153409221032023
2024-01-15 15:40:30,11.94344456615499
2024-01-15 15:41:00,12.059443113560834
2024-01-15 15:41:30,11.976184114702278
2024-01-15 15:42:00,12.165750909138731
2024-01-15 15:42:30,11.893977605817918
2024-01-15 15:43:00,11.990454161619189
2024-01-15 15:43:30,12.084117583902849
2024-01-15 15:44:00,12.20299884936988
2024-01-15 15:44:30,12.039921470389197
2024-01-15 15:45:00,11.991026593877226
2024-01-15 15:45:30,12.234712303540656
2024-01-15 15:46:00,11.901845256605021
2024-01-15 15:46:30,11.826816101034689
2024-01-15 15:47:00,12.09074819175208
2024-01-15 15:47:30,11.996591374361534
2024-01-15 15:48:00,11.693399170655647
2024-01-15 15:48:30,12.117732541626832
2024-01-15 15:49:00,12.071327018324068
2024-01-15 15:49:30,11.990589133923324
2024-01-15 15:50:00,11.919016607179957
2024-01-15 15:50:30,12.134342829925112
2024-01-15 15:51:00,12.112167264943013
2024-01-15 15:51:30,12.03727961081926
2024-01-15 15:52:00,12.231910946852015
2024-01-15 15:52:30,11.940288820664682
2024-01-15 15:53:00,11.894794830254874
2024-01-15 15:53:30,11.978206590409272
2024-01-15 15:54:00,12.042888845811898
2024-01-15 15:54:30,12.071831442429767
2024-01-15 15:55:00,12.023423941761916
2024-01-15 15:55:30,12.082803137249027
2024-01-15 15:56:00,11.922493705228602
2024-01-15 15:56:30,12.192074158105024
2024-01-15 15:57:00,12.039532629908491
2024-01-15 15:57:30,12.159527380956611
2024-01-15 15:58:00,12.082120382485618
2024-01-15 15:58:30,12.093573219813276
2024-01-15 15:59:00,12.10492467597117
2024-01-15 15:59:30,12.09276885399973
2024-01-15 16:00:00,12.112320324034803
2024-01-15 16:00:30,12.181013351111341
2024-01-15 16:01:00,12.067800265118294
2024-01-15 16:01:30,12.11909857395705
2024-01-15 16:02:00,12.039274678819526
2024-01-15 16:02:30,12.192310019843246
2024-01-15 16:03:00,11.980709118142421
2024-01-15 16:03:30,12.228492441689479
2024-01-15 16:04:00,12.044432653384014
2024-01-15 16:04:30,11.905420988286693
2024-01-15 16:05:00,12.061358990039627
2024-01-15 16:05:30,11.98049343285111
2024-01-15 16:06:00,12.132713003547522
2024-01-15 16:06:30,11.98343630076846
2024-01-15 16:07:00,12.00413040542727
2024-01-15 16:07:30,11.859844725704246
2024-01-15 16:08:00,12.003618216923941
2024-01-15 16:08:30,11.806510966236004
2024-01-15 16:09:00,11.890558666600377
2024-01-15 16:09:30,12.125040464613429
2024-01-15 16:10:00,12.127629064914133
2024-01-15 16:10:30,12.091644855277595
2024-01-15 16:11:00,11.952451534836229
2024-01-15 16:11:30,12.044428063585
2024-01-15 16:12:00,12.048888995340192
2024-01-15 16:12:30,11.933462830380046
2024-01-15 16:13:00,12.199689179526064
2024-01-15 16:13:30,12.137135628456967
2024-01-15 16:14:00,12.027353032066483
2024-01-15 16:14:30,12.052188083398953
2024-01-15 16:15:00,12.070387830344306
2024-01-15 16:15:30,11.84542611275717
2024-01-15 16:16:00,12.02493191139759
2024-01-15 16:16:30,11.98150127489992
2024-01-15 16:17:00,11.949587748760258
2024-01-15 16:17:30,12.021689770511204
2024-01-15 16:18:00,12.229618502534802
2024-01-15 16:18:30,12.1139841860266
2024-01-15 16:19:00,11.99283205097167
2024-01-15 16:19:30,12.107258278135616
